area,solidity,max_intensity,prediction
6186,0.8334680679062247,770,0
5781,0.7971594043022614,698,0
4728,0.8374070138150903,696,0
1354,0.6254041570438799,596,0
1531,0.6624837732583297,813,0
5068,0.8145290903246545,694,0
7958,0.852764680668667,663,0
6397,0.8650439486139283,746,0
21,0.3043478260869565,698,4
4441,0.8766285037504935,821,0
4589,0.7823048073644733,665,0
4194,0.8090277777777778,755,0
62,0.3069306930693069,810,4
347,0.75764192139738,637,0
3710,0.7579162410623085,756,0
2557,0.7467873831775701,755,0
244,0.8106312292358804,545,0
3252,0.7545243619489559,764,0
3790,0.8074137196420963,770,0
4719,0.7015014122194143,540,0
5733,0.7589356632247816,786,0
4589,0.7581364612588799,648,0
8710,0.8334130705195675,777,0
5298,0.7609882217753519,627,0
3031,0.7817900438483364,807,0
2190,0.7046332046332047,797,0
3250,0.835260858391159,764,0
2500,0.7198387561186295,856,0
1442,0.544767661503589,849,4
617,0.4663643235071806,668,4
3678,0.8083516483516483,935,0
4459,0.8511166253101737,892,0
5201,0.7451289398280803,751,0
8989,0.8168847691748455,797,0
4714,0.7622897800776197,795,0
2808,0.762214983713355,826,0
1974,0.729490022172949,881,0
1854,0.6588486140724946,741,0
1331,0.6439283986453798,762,0
2250,0.6629345904537419,843,0
1831,0.6675173168064163,787,0
2883,0.7162732919254658,901,0
683,0.4772886093640811,737,4
4832,0.7426990470335075,820,0
6630,0.7840586565752129,780,0
3545,0.7813533171699361,820,0
2514,0.7839101964452759,853,0
1879,0.6905549430356487,925,0
4667,0.8072997751254108,906,0
4773,0.7665007226593865,980,0
4544,0.7271563450152024,886,0
3493,0.7828328103989243,742,0
4959,0.7568681318681318,861,0
4659,0.7531522793404462,811,0
3434,0.7179594396822078,772,0
2072,0.7288075976081604,794,0
8585,0.8309136662795199,847,0
6093,0.7324197619906239,722,0
7074,0.7850405060481633,624,0
3221,0.7404597701149426,935,0
5290,0.8247583411287808,988,0
4491,0.70171875,949,0
3045,0.7563338301043219,817,0
5494,0.7704389286215118,728,0
4016,0.8121334681496462,781,0
6283,0.7703531142717018,965,0
5023,0.8504910260751778,714,0
1896,0.6620111731843575,893,0
2745,0.6563845050215208,883,0
4355,0.7643032643032643,929,0
3935,0.7649688958009331,949,0
7417,0.8286225002792984,744,0
4021,0.8035571542765787,765,0
1890,0.7005189028910304,827,0
2471,0.7989007436146136,936,0
2620,0.7365757660950238,924,0
5774,0.8095905776780706,846,0
5617,0.7595672751859365,887,0
10081,0.8148896613046641,1006,0
1554,0.7456813819577736,920,0
4998,0.8780744905130007,799,0
727,0.4699418228829993,868,4
1938,0.5733727810650887,868,4
6072,0.6657894736842105,840,0
4013,0.8005186515060841,908,5
4129,0.8267921505806969,904,0
3853,0.7300113679424024,912,5
4516,0.6268739589117157,833,0
3399,0.8065970574276222,899,5
3286,0.8129638792676893,945,0
3139,0.7742969906265417,956,5
1904,0.553006099331978,978,4
4972,0.7077580071174377,865,0
6464,0.7958630879093819,848,0
8822,0.8381151434543036,762,0
3962,0.8378092620004229,759,0
4310,0.8247225411404516,912,0
1623,0.5749202975557917,945,0
4688,0.8140302135787463,936,0
3177,0.7553495007132668,1038,5
5343,0.6993455497382199,854,0
3354,0.7415432235242096,1130,5
3103,0.7292596944770858,911,0
5633,0.7958462842610907,1012,5
4461,0.7732709308372335,1031,5
5056,0.6828741220961643,943,4
5856,0.8155988857938719,787,0
2429,0.795350360183366,907,0
2807,0.8119757014752675,892,0
1283,0.7489784004670169,874,0
4160,0.8331664330062087,1064,5
5475,0.7314629258517034,885,0
10352,0.8528587905750535,1006,0
3784,0.7914662204559716,925,0
6936,0.8081090527787487,881,0
3870,0.7861060329067642,874,0
3154,0.770772238514174,886,0
3027,0.7878709005726184,1043,0
6254,0.7307782192100958,838,0
3227,0.7824927255092143,993,5
9395,0.8053317332418996,821,0
1888,0.6562391379909628,1045,0
6840,0.7582307948121051,763,0
8052,0.829504481302153,942,0
4486,0.7451827242524917,941,5
2395,0.7106824925816023,755,0
1852,0.6938928437617085,874,0
4623,0.835230352303523,825,0
3360,0.7743719751094722,858,0
5295,0.8386126069052898,799,0
2002,0.7360294117647059,1016,5
5727,0.8243846264574637,819,0
1890,0.7630197819943481,963,0
4292,0.8544694405733625,917,0
2571,0.7615521327014217,908,0
2904,0.75625,879,5
5425,0.7538910505836576,782,0
5599,0.7411967169711411,947,5
2352,0.7107887579329103,795,0
3685,0.7909422622880447,880,0
8368,0.8645521231532183,788,0
10071,0.7867354112959924,1077,5
3806,0.8853221679460339,802,0
1919,0.6843794579172611,767,0
2787,0.7608517608517609,944,0
2755,0.7401934443847394,937,0
4089,0.7868000769674812,848,0
2251,0.7762068965517241,899,0
3018,0.7596274855273093,920,5
3922,0.7800318217979316,967,5
4197,0.6520118067422712,994,4
2786,0.7527695217508782,811,0
4695,0.8361531611754229,980,0
1838,0.7154534838458544,903,0
3862,0.8220519369944658,901,5
2180,0.7716814159292036,995,0
1314,0.5703125,914,4
1767,0.7247744052502051,966,0
3739,0.806688241639698,949,0
4353,0.8193111236589498,1064,5
6302,0.698127838706104,1028,5
11621,0.8941982148353339,823,1
2854,0.7600532623169108,890,0
2098,0.7021419009370816,1035,5
3877,0.7355340542591539,967,5
1951,0.7588486970050564,1076,5
3094,0.7669806643529995,1183,5
4264,0.6555965559655597,1014,4
3802,0.7784602784602784,888,5
5129,0.8201151263191557,1000,5
9009,0.8515122873345936,930,0
2278,0.7756213823629554,786,0
2225,0.7568027210884354,809,0
2003,0.6710217755443886,820,0
2900,0.7953922106417992,846,0
2869,0.7135041034568516,1083,5
2027,0.7177762039660056,898,0
13516,0.8645260330049891,966,1
2726,0.769621682665161,780,0
2727,0.7364299216851202,874,0
2268,0.8079800498753117,989,0
6192,0.820675944333996,887,0
1773,0.7449579831932773,1047,0
1664,0.636085626911315,1137,5
3626,0.6757361162877376,1099,4
4765,0.7639890973224307,1063,5
12465,0.8305016989806117,1039,1
1732,0.7240802675585284,753,0
2555,0.7695783132530121,805,0
1589,0.7407925407925408,842,0
2816,0.7945823927765236,830,5
2114,0.7536541889483066,927,0
7910,0.7434909295986465,828,0
3831,0.773626817447496,1174,5
6403,0.6873121511378274,565,0
8797,0.7910259868716842,907,3
2903,0.8154494382022472,871,0
3949,0.7787418655097614,888,0
2098,0.7860621955788685,927,0
3594,0.8235563703024747,1036,5
2419,0.7970345963756178,925,0
2977,0.7953513224686081,787,0
3702,0.7836579170194751,753,0
4195,0.8120402632597754,1025,5
6294,0.465601420328451,569,4
11748,0.7771383210954554,1021,0
2973,0.7632862644415918,766,0
1929,0.7290249433106576,805,0
5075,0.844988344988345,859,0
4405,0.7461043360433605,754,0
2116,0.7276478679504814,991,5
4916,0.7946977044940188,806,0
3789,0.7631419939577039,1134,5
3606,0.7534475553698287,878,5
3582,0.7829508196721311,805,0
803,0.5040803515379787,802,4
4493,0.7566520714045133,801,0
1733,0.79168570123344,858,0
2115,0.7361642882004873,865,0
2082,0.6607426213900349,1080,5
4923,0.7520623281393217,589,0
4109,0.4349068585944115,581,4
1690,0.7908282639213852,871,0
2344,0.825061598028863,918,0
1932,0.7840909090909091,803,0
7531,0.7887515710096356,796,0
2382,0.7743823146944083,945,5
3914,0.7807699980051865,1149,5
4206,0.756883210365305,1030,5
3409,0.8308554716061418,838,0
6334,0.8515730034955633,757,0
4279,0.8236766121270452,789,0
5345,0.8121865977814922,768,0
6275,0.8039718129404229,779,0
3345,0.792090930618044,1010,5
2292,0.7761598374534372,967,0
3188,0.73405480082892,857,0
1763,0.6029411764705882,1125,4
2048,0.4377939290294997,583,4
3439,0.7869565217391304,1056,5
700,0.5622489959839357,824,0
3614,0.8447872837774661,875,0
2759,0.71643728901584,918,0
3134,0.6699444206926036,779,0
1327,0.7323399558498896,820,0
1910,0.7612594659226783,872,5
3134,0.764763299170327,870,0
1998,0.7941176470588235,995,5
1822,0.7494858083093378,1096,5
3868,0.7427035330261137,865,0
1792,0.666914774841831,1098,5
12654,0.8454600120264583,738,1
3940,0.8211754897874114,804,0
1365,0.6831831831831832,802,0
2115,0.7643657390675822,883,5
2422,0.7642789523508994,930,5
3276,0.7735537190082644,1118,5
10500,0.7434681016781137,583,0
11629,0.8020553141595972,675,1
1663,0.6347328244274809,1035,5
1702,0.6245871559633027,1098,5
2078,0.8001540238737004,1069,0
3372,0.7934117647058824,1048,5
3763,0.752750550110022,802,0
5579,0.7650850246845858,741,0
5855,0.777453193467003,884,0
5075,0.8054277098873195,791,0
3929,0.7278621711745091,865,0
3208,0.7782629791363416,1048,5
9133,0.79882795416776,848,0
5427,0.8159675236806495,928,5
12954,0.8085637600649148,1081,1
4059,0.8088880031885213,776,0
2351,0.7508783136378154,791,0
1809,0.7753964852121732,993,0
1807,0.718774860779634,1069,5
4042,0.7885290674990246,969,5
3112,0.761998041136141,987,5
2411,0.7209928229665071,1038,0
2656,0.7114920975087061,824,0
4077,0.7904226444358279,781,0
1622,0.645186953062848,943,0
2035,0.7014822475008617,1034,5
10591,0.8151939655172413,789,0
2403,0.7297297297297297,1100,5
12932,0.814973531635997,1107,3
3732,0.8209414870215574,804,0
2403,0.7835017932833388,869,0
2207,0.789059706828745,875,0
1537,0.7512218963831867,938,0
3958,0.7513287775246773,788,0
5760,0.7490247074122237,788,0
5443,0.7248634971367692,820,0
1560,0.6961178045515395,926,0
3601,0.7560361116943103,996,5
8658,0.8053204353083434,870,5
4145,0.8025169409486931,795,0
1600,0.7952286282306164,849,0
5364,0.7527364580409767,844,0
1501,0.645036527718092,946,4
3116,0.8083009079118029,997,5
2228,0.7484044339939536,1082,5
12303,0.8172578716620167,1004,1
13497,0.8165648254582855,1061,1
1747,0.7747228381374723,836,0
1408,0.701195219123506,946,0
2978,0.7968959058067969,790,0
4292,0.7173658699649006,835,0
3432,0.772972972972973,1042,5
1850,0.7112648981161092,1002,0
2225,0.7421614409606404,907,5
2825,0.6890243902439024,1049,4
13417,0.7961666271065749,841,1
2317,0.776214405360134,806,0
2676,0.7900797165633304,775,0
2541,0.75625,950,5
4457,0.7346299653865173,918,0
3041,0.7906916276651066,1056,5
2758,0.7342917997870074,966,5
2667,0.746431570109152,1194,5
4723,0.8274351786965662,1109,5
4038,0.8090563013424164,762,0
1654,0.7393831023692445,1005,5
3788,0.6780025058170753,880,4
1913,0.7279299847792998,1023,5
7603,0.791072729164499,706,0
3473,0.8050533147890588,1088,5
1925,0.6672443674176777,787,0
3345,0.8296130952380952,773,0
3496,0.690772574590002,774,0
1403,0.6976628543013426,1167,5
3879,0.8036047234307023,1060,5
12168,0.8163155776197505,943,1
2231,0.7238805970149254,863,0
2346,0.7198527155569193,852,0
3210,0.7420249653259362,822,0
3130,0.8025641025641026,891,0
1396,0.7097102186070158,1055,5
4032,0.6813112538019601,891,0
1803,0.7267230955259976,993,5
3310,0.8032031060422228,721,0
1409,0.5709076175040518,872,4
1935,0.6937970598780925,839,0
607,0.7822164948453608,993,0
1186,0.7477931904161412,993,0
2600,0.7032729239924262,1069,5
1958,0.7156432748538012,1006,0
1524,0.6300124018189335,1067,4
2116,0.7296551724137931,984,0
2938,0.6293916023993145,1137,4
2393,0.8024815560026828,1099,0
1219,0.7347799879445449,1031,5
9767,0.802217659137577,756,0
1738,0.750755939524838,883,0
1412,0.6281138790035588,1045,5
1818,0.6909920182440137,1057,5
3501,0.8013275349050126,897,5
4309,0.7690522934142424,1118,5
1772,0.7741371778069026,959,0
1752,0.7755644090305445,1013,0
6685,0.7179679948448072,767,0
1394,0.6304839439167798,1081,5
1829,0.6994263862332696,1033,5
2493,0.7466307277628033,960,0
4945,0.783676703645008,912,0
2277,0.6954795357361027,1032,0
2778,0.6772306192101414,914,4
4014,0.7680826636050516,843,0
2254,0.7807412538967786,794,0
2347,0.7659921671018277,954,0
1468,0.7147030185004869,860,5
2304,0.7370441458733206,1014,5
5071,0.722467587975495,920,0
4491,0.7830863121185702,986,5
4249,0.800339046901488,938,5
4025,0.6905129524789844,1152,5
1469,0.6133611691022964,867,0
2133,0.6975147155003271,886,4
3649,0.7570539419087137,1016,5
1625,0.7028546712802768,855,0
3456,0.8210976478973628,900,0
1725,0.7075471698113207,1019,5
1812,0.6966551326412919,929,0
2502,0.7558912386706949,1015,5
3718,0.8304668304668305,1185,5
10891,0.7960675389225934,1110,3
1193,0.4885339885339885,821,4
3070,0.7644422310756972,861,0
2437,0.7591900311526479,850,0
3061,0.6806760062263731,891,0
2693,0.7596614950634697,863,0
3401,0.706187707641196,777,0
2644,0.7799410029498525,914,5
1563,0.7764530551415797,1005,0
2971,0.8144188596491229,889,0
5684,0.7646979685187677,948,0
1429,0.6785375118708452,1163,5
1599,0.6976439790575916,1048,5
1831,0.6917264828107291,1012,5
14896,0.8224835735188559,978,1
2097,0.7848053892215568,1083,5
2793,0.7005267118133935,1021,0
1800,0.6880733944954128,987,4
1462,0.6925627664613927,955,0
5305,0.7287087912087912,856,0
3203,0.782938156929846,1203,5
6920,0.7984308295834776,954,3
3610,0.7870067582297798,794,0
1983,0.618334892422825,947,4
2099,0.6850522193211488,1013,5
2781,0.8633964607264825,1093,5
3505,0.8311595921271046,1038,5
12702,0.8078610952108376,1025,3
3800,0.7636655948553055,929,0
1047,0.428045789043336,922,4
3363,0.7320417936438833,878,0
3079,0.7289299242424242,956,0
2277,0.7640939597315436,1114,5
1585,0.6811345079501504,930,4
2627,0.6779354838709677,1062,5
1836,0.5612962396820544,952,4
4622,0.7357529449219994,797,0
3774,0.7778235779060181,877,5
1860,0.78052874527906,1203,5
3240,0.8288564850345357,876,5
1356,0.6706231454005934,839,0
1945,0.7179771133259505,1007,5
4384,0.8008768724881257,989,5
1925,0.5246661215590079,974,4
4417,0.8338682272984709,1137,5
13669,0.8258216529724505,893,1
4528,0.8268809349890431,971,0
1656,0.5903743315508021,944,4
1369,0.7243386243386244,861,0
1182,0.7864271457085829,1052,5
1708,0.6974275214373213,1038,5
3446,0.7729923732615522,848,0
2555,0.7457676590776415,1159,5
2202,0.5638924455825864,1010,4
8204,0.8129211256440745,746,0
2792,0.7719104230024882,818,0
4123,0.7271604938271605,943,0
1753,0.729504785684561,1056,5
3627,0.8419220055710307,914,5
4707,0.7287505805852299,871,0
3621,0.775042808219178,882,0
2612,0.7275766016713092,1079,5
2558,0.8151688973868706,938,0
1519,0.7542204568023834,993,0
2546,0.6879221831937314,857,4
11376,0.7963040739185216,778,0
3894,0.7665354330708661,964,0
2277,0.7458237798886341,1220,5
3753,0.7408211606790367,1021,5
1804,0.7071736573892591,1090,5
8863,0.7684237905323392,819,0
2706,0.8043995243757431,984,5
2774,0.7419096014977267,952,5
2917,0.7626143790849673,1178,5
4234,0.827761485826002,686,0
1957,0.6944641589779986,815,0
4277,0.8486111111111111,978,0
2989,0.7311643835616438,1040,5
1850,0.669562070213536,898,4
2471,0.6316462167689162,1246,4
2986,0.7870321560358461,1291,5
14881,0.8140590809628009,975,1
10531,0.799802536644642,961,0
4396,0.6677806471213732,747,0
1833,0.7079953650057937,983,0
1856,0.7207766990291262,932,5
2678,0.7518248175182481,1050,5
1856,0.6334470989761092,1094,4
1706,0.6887363746467501,926,0
6535,0.8265874019731849,811,0
3527,0.7843006448743607,960,0
2262,0.6606308411214953,873,4
1725,0.6828978622327792,1005,5
4792,0.7564325177584846,1088,5
2827,0.5616928273395589,935,4
11549,0.7550339958158996,1196,3
2688,0.7400881057268722,897,5
2756,0.7430574278781342,929,5
1040,0.7046070460704607,1137,5
1199,0.6551912568306011,944,4
1625,0.6759567387687188,1179,5
12016,0.8257284222100055,788,0
7586,0.8134248337979841,630,0
4034,0.7798182872607771,689,0
4487,0.808759913482336,816,0
9073,0.8193804750293506,775,0
2053,0.7457319288049401,1161,5
5318,0.7775990641906712,1110,5
5576,0.7740144364242088,676,0
2686,0.8292682926829268,886,0
12201,0.8280285035629453,800,3
4107,0.7274176408076515,637,2
3767,0.7992785911309145,789,0
2941,0.7286917740336968,863,0
2561,0.7367663981588032,858,5
2832,0.8154333429311834,891,5
1714,0.7530755711775043,1196,5
8460,0.7640895953757225,933,0
4744,0.8392004245533345,1128,5
1788,0.7081188118811881,982,5
2432,0.6612289287656336,945,4
2325,0.747588424437299,943,0
3589,0.778524945770065,1184,5
11762,0.8491192607565694,634,1
7036,0.8990544339381549,808,0
2734,0.8269812462189957,904,0
7614,0.8033340367166069,768,0
3442,0.8328090975078636,1151,5
3629,0.8023435772717223,940,0
1974,0.739880059970015,1127,5
1528,0.708391284191006,1036,0
2362,0.7078213964638898,991,5
2806,0.7405647928213249,921,5
2484,0.5859872611464968,1099,4
3158,0.7208399908696644,1282,5
13131,0.8096559378468369,1252,3
1708,0.5446428571428571,629,4
2231,0.7733102253032929,906,5
3985,0.8167657306825169,815,0
10034,0.7983768300445576,711,0
2980,0.6332341691457714,1229,5
4855,0.7023000144654998,630,0
4554,0.7504943968358603,796,0
1869,0.7312206572769953,851,0
2507,0.8053324767105686,917,0
2182,0.7762362148701529,883,0
5729,0.7602176220806794,865,0
3194,0.7559763313609468,966,0
2799,0.7359978963975808,1020,5
1616,0.5904274753379612,884,4
5186,0.8108192620387742,670,0
2714,0.7878084179970972,675,0
4781,0.7708803611738149,811,0
1392,0.4856943475226797,851,4
2234,0.7732779508480443,940,0
2004,0.6968011126564673,1120,5
3055,0.7959874934861907,1012,5
4116,0.7795454545454545,951,0
2486,0.7751792952915497,978,5
3719,0.7990975504941985,857,0
5240,0.793939393939394,1153,5
5614,0.7732782369146005,1003,5
7812,0.8205882352941176,545,2
2422,0.8081414748081415,909,0
1937,0.7438556067588326,943,0
1411,0.7618790496760259,983,0
2637,0.7468139337298216,998,5
2157,0.7568421052631579,1022,5
3336,0.7349636483807006,1016,0
2633,0.6739186076273356,937,5
2361,0.7550367764630637,994,5
9014,0.7569065412713074,600,3
4542,0.7411879895561357,742,2
2091,0.7085733649610302,989,5
1350,0.6838905775075987,858,0
1776,0.7535002121340687,914,0
3718,0.7260300722515134,964,0
2509,0.6750067258541835,943,4
14130,0.821034282393957,1055,1
3828,0.7374301675977654,762,0
1483,0.7276741903827282,878,0
2453,0.7106025492468134,955,5
7094,0.806869881710646,785,0
3175,0.7612083433229442,827,0
1435,0.7171414292853573,1064,5
3132,0.7603787327021122,942,5
1683,0.7285714285714285,932,5
2624,0.709572742022715,968,5
2148,0.7796733212341198,1287,5
4737,0.7602311025517573,1173,5
7350,0.7607908084049271,719,1
15978,0.7781998831092928,711,3
2567,0.7617210682492581,649,0
2113,0.8105101649405447,743,0
3810,0.7585108500895879,745,0
5280,0.8045101325613286,777,0
2895,0.7472896231285493,1037,5
3823,0.7336403761274227,850,0
1679,0.7726645190980211,923,0
1468,0.7478349465104432,959,0
2079,0.8002309468822171,1068,0
1329,0.7069148936170213,1043,5
2959,0.7256007846983815,1096,5
3064,0.7172284644194756,815,0
3622,0.6130670277589709,1071,4
12355,0.8207121030955228,1093,3
13314,0.8364641578186844,976,1
2366,0.8203883495145631,1159,0
2113,0.7331714087439278,1304,5
2000,0.7215007215007215,985,0
2065,0.7177615571776156,1328,5
4886,0.7898480439702554,648,0
2908,0.6195142735406902,862,4
8042,0.7549755914382276,791,0
1367,0.7333690987124464,1069,5
1662,0.7305494505494505,941,4
10881,0.8348806874856134,595,1
6954,0.7294660652470366,697,0
3269,0.7684532204983545,909,0
2577,0.7515310586176728,1113,5
2324,0.7083206339530631,998,5
2907,0.7990654205607477,1068,5
2526,0.6588419405320813,907,4
2685,0.7129580456718003,904,0
1461,0.5303085299455536,851,4
3325,0.7532850022655188,659,0
3818,0.8205458843756717,791,0
1600,0.6731173748422381,1023,5
2581,0.7125897294312534,1018,5
3077,0.804865289040021,945,5
2601,0.7118226600985221,931,4
1338,0.6730382293762576,860,0
4543,0.7718314644920149,1357,5
8983,0.7828322440087147,506,3
7243,0.8079196876742889,763,2
2049,0.711952744961779,737,0
3058,0.7867249807049138,936,5
1504,0.669336893635959,909,0
2950,0.7891920813269128,884,5
1350,0.6933744221879815,935,0
2862,0.803030303030303,816,0
2743,0.8141881864054615,1250,5
1416,0.4876033057851239,1091,4
1919,0.7044787077826725,863,4
1778,0.7408333333333333,947,4
2547,0.7841748768472906,863,5
4419,0.8200037112636853,933,0
15263,0.8291954147878524,851,1
4741,0.6771889730038566,784,4
7175,0.7735015092712376,635,2
2563,0.7333333333333333,706,0
4373,0.752279373817306,696,0
3451,0.6636538461538461,847,4
2482,0.7138337647397182,867,0
2177,0.8012513801987486,829,0
1676,0.6793676530198621,1104,5
1141,0.6696009389671361,832,0
3755,0.7605833502126798,839,0
2942,0.694359216426717,937,0
5571,0.7983662940670679,830,0
3045,0.7580283793876027,894,5
2063,0.7749812171299775,793,0
2283,0.6790600832837597,923,4
11492,0.7927704194260485,679,1
10096,0.839095744680851,687,1
3594,0.7953086966142952,739,0
4145,0.7219996516286361,671,0
2717,0.697560975609756,885,0
3564,0.7418817651956703,791,0
2623,0.8212273011897308,842,0
2125,0.6990131578947368,986,4
3675,0.7715725383161873,811,0
2003,0.6654485049833887,983,4
1476,0.5875796178343949,836,4
1823,0.7294917967186875,1239,5
2775,0.6715876089060987,1238,5
2277,0.706046511627907,713,0
1398,0.7483940042826552,1030,0
7152,0.8211251435132032,798,0
1486,0.7577766445690974,1132,5
2257,0.738064094179202,874,5
12277,0.8294709816904263,1258,3
5885,0.7873963071982873,962,5
3846,0.713146671611348,783,0
2505,0.8333333333333334,883,0
5730,0.7833219412166781,849,0
2474,0.7851475721993018,812,0
1535,0.7152842497670084,1103,4
4101,0.7930767743183137,1018,0
3385,0.7469108561341571,872,0
4302,0.8456850796147042,797,0
2015,0.670549084858569,833,4
12676,0.8083152659099605,421,1
4681,0.6800813598721488,824,2
9653,0.8696396396396396,602,2
2025,0.7609921082299888,751,0
2954,0.7962264150943397,1001,5
2191,0.7300899700099966,960,5
2300,0.736235595390525,1019,5
2356,0.8281195079086116,795,0
6742,0.7950471698113207,907,0
2333,0.6721405934889081,860,4
2583,0.7161075686165789,667,0
2540,0.6548079401907708,730,4
5509,0.7818620493897247,805,0
2505,0.7651191203420892,1141,5
1536,0.4213991769547325,899,4
1737,0.643095149944465,824,4
3070,0.7242274121255013,1110,5
16780,0.8142864075314213,954,1
1374,0.7878440366972477,692,0
1450,0.6438721136767318,723,0
1959,0.6139141335004701,806,4
4239,0.75,818,0
3103,0.758494255683207,923,5
1362,0.5581967213114755,803,0
1844,0.7288537549407115,1069,0
1395,0.703125,1034,5
4843,0.759686274509804,900,0
2945,0.8070704302548644,860,0
2036,0.593067288086222,972,4
10040,0.7606636866429275,557,3
1366,0.4141904184354154,696,4
2890,0.8175388967468176,921,0
1734,0.7490280777537797,969,0
1769,0.7524457677584007,1164,5
2467,0.7462189957652753,1139,5
2313,0.6975271411338962,958,5
5603,0.781123658162554,803,3
2749,0.7917626728110599,676,0
2655,0.6915863506121386,738,4
3272,0.7549607752653438,887,0
1206,0.6836734693877551,1062,0
2307,0.6829484902309059,1050,4
3694,0.7932145157826928,879,5
6068,0.8092824753267538,1175,5
4035,0.7435046987285793,924,4
4618,0.7604149514243372,1007,5
20596,0.8755685924414403,563,1
2382,0.6677880571909167,779,2
1292,0.5886104783599089,677,4
2206,0.7593803786574871,673,0
2868,0.6849773107236685,706,0
2477,0.6942264573991032,1026,5
2722,0.8122948373619815,792,0
2940,0.7963163596966414,868,0
2479,0.6911067744633398,848,4
4425,0.7578352457612605,1059,5
14246,0.8570569125255685,544,1
1528,0.6591889559965487,964,0
6270,0.7918666329881283,774,0
2814,0.7646739130434783,955,0
2992,0.7900712965407974,1028,5
1960,0.6426229508196721,1095,4
2896,0.6865813181602656,1092,4
4486,0.7900669249735822,1109,5
3640,0.790616854908775,815,0
3977,0.8392065836674404,909,5
2277,0.7023442319555829,813,4
2673,0.7493692178301093,827,0
861,0.5298461538461539,859,4
2539,0.7229498861047836,1088,5
8084,0.7888368462138954,989,5
14461,0.7725305838987125,471,1
2501,0.7182653647329121,738,0
3457,0.6324551774606659,834,4
2519,0.6000476417341591,824,0
3235,0.7825350749879052,831,0
5904,0.7912087912087912,801,0
2295,0.6534738041002278,861,4
2544,0.7542247257634154,1062,5
3032,0.643326967960959,842,2
4730,0.7884647441240207,688,0
7997,0.8260510277863857,703,0
2590,0.7184466019417476,1033,5
4333,0.7868167786453605,825,0
4458,0.7421341767937406,773,0
3119,0.6848924022837066,990,4
2176,0.7608391608391608,851,0
2463,0.7396396396396396,879,0
14140,0.835203780271707,1197,3
13140,0.819764177428411,945,1
3649,0.6925412791801101,741,0
6966,0.7958414257968697,645,0
5261,0.7348791730688644,740,0
4076,0.8323463344905044,1043,5
3782,0.791544579321892,779,0
1275,0.7154882154882155,1043,0
1656,0.7275922671353251,1121,5
1332,0.7478944413250983,1048,0
2165,0.7052117263843648,1027,5
4531,0.6949386503067485,982,4
10995,0.7556701030927835,948,1
5040,0.7450110864745011,795,2
4832,0.7428132205995388,706,0
4772,0.733026113671275,684,0
5274,0.8312056737588652,779,0
2020,0.6856754921928038,800,0
3064,0.79833246482543,836,0
2502,0.6318181818181818,843,4
1514,0.5617810760667904,843,4
3053,0.6509594882729212,777,4
16440,0.8350688271448163,914,1
5606,0.8284320969410374,614,2
6605,0.6438876974069019,813,0
2864,0.7509176717357106,901,4
3703,0.7888794205368556,1086,5
1696,0.756130182790905,1013,5
2986,0.7868247694334651,919,0
2214,0.6589285714285714,973,5
2092,0.744219139096407,828,0
2488,0.6249686008540568,1173,5
15399,0.8134706814580032,1079,1
14122,0.7910598252296661,563,3
2226,0.7255541069100391,848,0
3131,0.7874748490945674,958,0
1731,0.6949016459253312,997,5
4524,0.799575821845175,1021,5
6217,0.7894603174603174,918,0
7144,0.7831615873711906,1279,3
4342,0.7504320774282751,935,5
2455,0.6802438348573012,945,4
3537,0.7659159809441317,678,2
3118,0.682126449354627,1071,4
4040,0.7038327526132404,878,5
5297,0.7576884565870404,934,5
12626,0.7302909364335705,671,1
1407,0.7588996763754046,979,0
1643,0.6831600831600831,936,4
5815,0.7551948051948052,811,0
1949,0.6224848291280741,1039,4
2329,0.7561688311688312,896,0
4868,0.7054050137661209,1243,5
10307,0.7934565050038491,767,3
4878,0.7612359550561798,749,2
3506,0.7331660393140945,830,2
9030,0.705799593559481,706,0
1830,0.7546391752577319,892,0
3544,0.6495601173020528,853,5
1698,0.7116512992455993,873,4
4455,0.7069184385909235,728,0
5536,0.6934736314668671,816,4
4283,0.8081132075471699,966,5
4076,0.774757650636761,706,0
1349,0.7436604189636163,799,0
1490,0.7461191787681523,970,0
3580,0.7312091503267973,925,5
2943,0.5980491769965455,976,4
2515,0.6341401916288452,864,4
5571,0.8239905339446827,989,5
3528,0.6894664842681258,1072,5
18619,0.8434810183926792,1090,1
1796,0.7846221057230232,919,0
11805,0.8140256516342573,791,0
3829,0.7774619289340101,862,0
3201,0.8252126836813611,1137,5
1297,0.6895268474215842,948,0
5074,0.8211684738630847,898,0
7578,0.8076308216988171,962,5
3038,0.7221297836938436,776,0
3620,0.5446885344568161,774,4
5805,0.7224642190416926,772,2
4429,0.7728145175362066,895,5
12723,0.8557304277643261,640,0
3180,0.7531975367124586,808,2
2056,0.7550495776716857,852,2
6400,0.7993006119645311,813,0
4707,0.7961772665764547,937,0
3503,0.792713283548314,877,0
7326,0.7962178024127812,893,0
1889,0.7090840840840841,1015,5
2802,0.6076772934287573,985,4
2430,0.6860530773574252,770,0
5560,0.6696374804287607,1259,5
1874,0.663362831858407,1159,4
2220,0.7283464566929134,1168,5
14031,0.8455975411318025,1026,3
6351,0.7607810253953042,687,0
3118,0.7283345012847465,814,2
2554,0.6825227151256013,836,2
3309,0.7566887720100618,912,5
5746,0.8385872737886748,1195,5
2598,0.6592235473230145,1053,5
5909,0.710814387104535,930,5
3592,0.7068083431719795,994,5
5362,0.8407024145500157,824,0
1880,0.6836363636363636,1065,5
4136,0.7506352087114337,957,5
15523,0.83654882517784,639,1
7766,0.640811948180543,463,3
12308,0.7960675247396676,619,0
3086,0.7452306206230379,819,2
7256,0.8016793724450337,787,0
2147,0.7030124426981008,813,0
1177,0.7482517482517482,971,0
6680,0.7815607815607816,1011,5
4700,0.77125041023958,1156,5
4568,0.7976252837436704,789,0
2532,0.5118253486961795,761,4
1880,0.6894022735606894,800,4
4742,0.6643317455869991,691,4
1976,0.7948511665325825,991,0
3928,0.6777087646652864,926,5
5879,0.8137024221453287,1070,5
3119,0.7116130504220853,758,0
3794,0.6269001982815599,801,4
11498,0.7051824593682919,459,1
7552,0.7838090295796575,731,2
7406,0.7282202556538839,834,0
3371,0.7326668115627037,844,0
2134,0.739175614825078,912,5
2608,0.6595852301466869,966,5
1496,0.5420289855072464,833,4
2192,0.5854700854700855,809,4
2998,0.7084120982986768,816,0
14521,0.7937141295435911,719,1
1255,0.7038698822209759,850,2
2834,0.6995803505307332,820,2
1442,0.7756858526089295,905,0
3172,0.7586701745993781,807,0
1329,0.7375138734739178,912,4
2103,0.7123983739837398,963,5
2356,0.7024448419797257,935,5
3395,0.7249626307922272,885,0
6063,0.7937941869599372,816,5
3729,0.5734276487774873,1185,4
7038,0.639004902850917,801,4
4356,0.8151197604790419,1070,5
19184,0.8235597149480552,586,1
1829,0.7067233384853169,879,2
1571,0.7253000923361034,839,0
1707,0.7685727149932463,1043,5
3311,0.8191489361702128,941,0
3729,0.754247572815534,895,0
7631,0.8346275839440008,1182,5
6367,0.7929016189290162,967,5
3691,0.6434797768479776,1004,5
1327,0.6310033285782216,853,4
6687,0.6481535330037802,1164,5
5059,0.8496808867987907,1058,5
10882,0.7872386602040078,640,3
2741,0.7033615601744932,734,2
4513,0.7806607853312576,780,2
7115,0.6909779547441002,757,0
4943,0.7436437490597262,777,0
1495,0.6665180561747659,836,2
1530,0.8014667365112624,846,0
2902,0.7888013047023648,988,5
2748,0.6669902912621359,961,4
6784,0.7938216709571729,901,5
1552,0.5793206420306084,1140,5
1866,0.7025602409638554,799,4
2960,0.6445993031358885,953,4
1837,0.7712006717044501,1031,5
3081,0.7745098039215687,975,5
7633,0.7728055077452668,1186,3
16885,0.8182302771855011,619,1
4392,0.7660910518053375,817,2
10491,0.8529961785511018,697,0
6063,0.7918244743372078,858,0
3198,0.7288058340929808,897,0
1187,0.460077519379845,822,4
1613,0.5871860211139425,1107,4
2981,0.7902969247083775,802,2
2085,0.6872116018457481,1009,5
3249,0.7109409190371991,868,2
3400,0.7269617276031645,849,2
1425,0.7620320855614974,849,0
1665,0.6719128329297821,981,5
1268,0.6604166666666667,895,0
4574,0.758289124668435,914,0
3143,0.692138295529619,807,4
1107,0.4084870848708487,819,4
4727,0.7169725466403761,794,5
3521,0.5833333333333334,1334,4
4262,0.6871976781683328,896,0
14918,0.8229712583439068,1002,1
3408,0.71267252195734,939,0
2783,0.6012097645279758,878,4
4605,0.7896090534979424,1087,5
4813,0.6532301845819761,1032,4
3485,0.6871056782334385,949,4
1414,0.505,759,4
4248,0.7100116998161458,740,4
3512,0.6210433244916004,785,4
3124,0.645721372467962,1101,4
1791,0.7766695576756288,1066,5
4213,0.5806229327453142,680,0
4461,0.7970341254243345,684,2
1929,0.6083254493850521,803,4
5432,0.7975334018499486,776,0
1976,0.7034531861872553,866,0
3794,0.6788334227947754,873,0
4067,0.7102689486552567,1058,5
2618,0.6815933350689924,1102,4
4719,0.7618663222473361,978,5
6013,0.7362556630341619,684,0
2210,0.6237651707592435,746,4
5238,0.684437475499804,943,5
5802,0.833500933773883,1033,5
1836,0.6720351390922401,1144,5
5644,0.8310999852746281,1173,5
4663,0.6565756125035201,804,4
8310,0.673801994648504,740,2
3568,0.7911308203991131,1304,5
1887,0.5108283703302653,793,4
1834,0.6611391492429705,862,4
3857,0.6330215000820614,872,4
6458,0.7584263065179095,970,5
2602,0.655580750818846,1059,4
18617,0.9055842007977428,847,1
10516,0.8275102297765188,908,3
1704,0.7845303867403315,911,2
2383,0.694954797317002,818,0
4513,0.7727739726027397,895,0
1999,0.6864697802197802,837,4
2059,0.7542124542124542,894,0
4742,0.6739624786810688,1020,5
6974,0.8570726311908565,717,0
10667,0.7852042694147957,718,0
7059,0.6620088155303385,697,0
6876,0.6619175972275703,737,0
4395,0.8045030203185063,762,0
1412,0.5900543251149185,741,4
5980,0.7208293153326905,793,0
6807,0.7494219971375097,777,0
891,0.680672268907563,764,0
2344,0.7568614788505005,832,0
4792,0.8525173456680306,905,5
1527,0.6125150421179302,1044,4
3692,0.7332671300893744,1034,4
2650,0.7554161915621437,1077,5
14398,0.777597753294448,680,1
17092,0.8132851161020175,679,1
2505,0.6576529272775007,745,2
5176,0.6344692326550625,737,2
4278,0.7221471978392978,773,0
2917,0.7814090543798553,899,5
7594,0.7564498456021516,849,5
5254,0.7330821822240826,890,0
6236,0.7895669789820208,1133,5
3428,0.6981670061099796,916,4
2387,0.7818539141827711,884,2
2684,0.7299428882240957,1005,5
1373,0.6137684398748323,803,4
1961,0.7402793506983767,908,2
2838,0.7059701492537314,866,0
3901,0.6694697099708254,935,4
7828,0.7363371272693068,926,5
1597,0.6507742461287693,939,4
2284,0.5549076773566569,1093,4
3978,0.6287339971550497,771,4
5407,0.838034717916925,1187,5
6200,0.772970951252961,1382,5
3816,0.655444864307798,745,4
1987,0.5901395901395902,842,4
1757,0.6507407407407407,707,2
4479,0.7031397174254317,781,2
992,0.5957957957957958,722,4
3955,0.779156816390859,823,2
2545,0.6711497890295358,823,4
5757,0.8401926444833625,1098,5
2380,0.7477222745837261,1134,5
1965,0.7378895981975216,1089,5
2870,0.7118055555555556,1108,5
6471,0.8485444531864673,910,5
2557,0.7867692307692308,1262,5
1992,0.5663918112027296,1000,4
3740,0.810928013876843,920,5
3598,0.636476207323545,935,4
7355,0.835320840431573,917,3
17243,0.7779030948299197,988,1
4607,0.8035932321646607,758,0
4053,0.5251360456076704,749,4
6521,0.7518736308082555,1036,5
2631,0.746594778660613,915,4
3175,0.6844147445570166,1087,5
2287,0.6996023248699909,1213,5
1785,0.7108721624850657,957,4
3113,0.7927170868347339,1242,5
1826,0.6864661654135338,1139,5
18475,0.8255876307087318,975,1
2490,0.7002249718785152,747,2
3669,0.6451556180763144,716,2
721,0.4124713958810068,731,4
1816,0.7601506906655504,892,0
9546,0.69183939701406,766,0
5479,0.7497263273125342,861,2
4395,0.5846747372622056,706,4
5127,0.7835855112333792,1112,5
13851,0.8611663765232529,1153,3
14353,0.8235125365769694,652,3
8740,0.7985381452718137,683,3
9234,0.7882875192077855,697,0
2198,0.5997271487039564,740,4
11812,0.8734102336586809,779,0
3872,0.5897943640517898,987,4
3934,0.7278445883441258,1132,5
1578,0.3924396916190003,742,4
3110,0.4503982621288921,737,4
4648,0.8316335659330828,949,3
4211,0.7323478260869565,816,2
5057,0.841711051930759,781,2
3592,0.7637678077822666,693,2
7745,0.6623054557892937,731,0
792,0.7485822306238186,993,5
1860,0.7288401253918495,1020,5
1388,0.735559088500265,1201,5
5976,0.8228004956629492,1111,5
2590,0.6647843942505134,1256,5
4660,0.7788734748453953,1336,5
2005,0.7714505579068872,809,2
8818,0.7809068366985477,738,2
3718,0.6712402960823254,736,0
3018,0.7702909647779479,720,0
3592,0.8182232346241458,931,5
2378,0.754681053633767,1137,5
956,0.2485053288276579,719,4
1393,0.7799552071668533,1035,5
2664,0.7485248665355437,1019,3
12046,0.7631295533734558,1064,3
10458,0.7475873900922153,660,3
2127,0.7765607886089814,907,2
6424,0.737289108229083,747,0
2325,0.7120980091883614,868,4
4133,0.6961428330806805,887,0
7292,0.7503601564107841,878,5
2322,0.7435158501440923,1043,5
1434,0.6251089799476897,1212,5
3417,0.5113738401676144,735,4
11599,0.7403932082216265,943,3
16625,0.8175559380378657,915,1
7855,0.7958459979736575,856,3
7388,0.7496702181633689,719,2
1780,0.726530612244898,820,2
734,0.7203140333660452,777,2
3711,0.6223377494549723,794,4
5680,0.8463716286693488,1110,5
4150,0.6436104218362283,926,4
4859,0.6632541632541633,898,0
2538,0.7688579218418661,1074,5
1622,0.7372727272727273,1104,5
3342,0.7466487935656837,1005,5
3139,0.8215126930123005,962,5
8768,0.8293605751040485,873,5
1103,0.6680799515445185,1004,5
5701,0.8189915242062922,1317,5
6478,0.7705483525633401,860,0
3120,0.7615328288991945,1128,3
14920,0.8044861425644344,750,1
8240,0.7286876547576937,1002,3
5789,0.7815579856892129,669,3
8590,0.7601097248031148,788,2
1054,0.7475177304964539,849,2
6041,0.7216581053637559,706,2
2906,0.713479008102136,845,0
4072,0.7468818782098312,825,0
4295,0.7912675018422992,940,5
2104,0.6815678652413346,1119,5
1496,0.7468796804792811,1175,5
1310,0.6711065573770492,1015,5
2011,0.77375913813005,972,5
5728,0.7556728232189973,912,5
16453,0.7400593738754948,677,1
17525,0.7896634073807056,642,1
14370,0.7971376268929938,646,1
2614,0.7605469886528949,843,0
2996,0.7062706270627063,803,2
2135,0.8227360308285164,854,0
3495,0.6255593341686057,884,4
2112,0.7828020756115641,1036,5
2791,0.7638204707170224,1198,5
8679,0.7987299834345666,910,3
3478,0.7740930336078344,956,5
3685,0.6476274165202109,836,4
2392,0.6907305804215997,875,4
6423,0.8543495610534717,1442,5
4965,0.8823529411764706,1113,5
6972,0.7652288442541982,943,0
2549,0.7431486880466472,1190,5
7364,0.8277877697841727,1007,3
370,0.4277456647398844,727,4
1541,0.4586309523809523,748,4
3999,0.781971059835745,926,5
4167,0.8411384739604361,675,2
3974,0.7710516103996896,939,5
3775,0.7475247524752475,1104,5
1725,0.7107540173053152,1064,5
4616,0.6339788490591952,1003,4
1765,0.7272352698805109,1122,5
1934,0.7176252319109462,1108,5
6132,0.8178180848226194,1011,5
2157,0.6889172788246567,1124,5
4820,0.6712157081186464,781,4
2405,0.756527209814407,1065,5
2636,0.6827246827246827,1096,5
9215,0.7661927330173776,739,3
4054,0.6603681381332465,736,4
2436,0.7073170731707317,729,4
5780,0.8203235878512631,1428,5
2907,0.6814345991561181,829,4
3982,0.7916500994035786,1046,5
6316,0.792571213452127,725,0
2666,0.6688409433015554,1086,4
2613,0.8000612369871403,1160,5
4518,0.6287225160033398,737,0
3207,0.7624821683309557,932,5
2602,0.758600583090379,811,0
993,0.6485956890920966,784,4
4692,0.8177065179505054,776,0
6414,0.760493241640977,727,2
1345,0.7410468319559229,784,0
3222,0.6507776206826904,890,4
2304,0.6064753882600684,1013,4
3623,0.7563674321503131,988,5
5181,0.7984281091077208,882,3
4648,0.7609692206941716,1082,5
2235,0.7839354612416696,768,0
5007,0.6315590312815338,840,4
12111,0.7860712663075226,1233,3
7791,0.7578793774319066,742,2
2720,0.674435903793702,820,4
1644,0.729693741677763,1172,5
1747,0.6311416184971098,1101,4
3782,0.7571571571571571,959,5
2334,0.784801613987895,1000,5
14379,0.855434588613243,744,1
4209,0.8130191230442341,641,2
373,0.4257990867579909,784,4
1567,0.7155251141552511,779,2
2398,0.7011695906432749,969,4
2021,0.67955615332885,1167,5
3948,0.7962888261395724,1028,3
4422,0.7312717049776749,962,5
3703,0.7774511862271678,1065,5
17562,0.8161539176503393,849,1
6278,0.742080378250591,712,2
2933,0.7218803839527442,888,0
2086,0.7955758962623951,855,0
1876,0.6169023347583031,958,4
2006,0.7276024664490388,1217,5
5078,0.7201815345341086,1179,5
2230,0.7193548387096774,1102,5
2436,0.7738246505717916,1162,5
1573,0.7818091451292246,820,2
1237,0.4897070467141726,774,4
3407,0.6105734767025089,896,4
5987,0.8416982988893575,1064,5
4660,0.7866306549628629,783,0
2079,0.6832073611567532,829,4
2936,0.7074698795180723,931,5
4145,0.7424323840229268,1211,5
5779,0.7031269010828568,789,4
5154,0.7659384752563531,1202,3
2763,0.6381062355658199,842,4
1614,0.74860853432282,1011,0
4175,0.7640922401171303,1014,5
6201,0.7872286403453091,735,2
2666,0.7927445732976509,800,2
3111,0.5677007299270073,718,4
2291,0.5590531966813079,814,4
6449,0.8165358318561661,1027,5
8697,0.7936667275050192,1135,3
7739,0.7644966907043367,846,5
4634,0.7653179190751445,991,5
3770,0.6887102667153818,933,5
2666,0.7403499028047764,797,0
12094,0.8082063619353114,817,1
9405,0.785648650906357,751,3
852,0.5819672131147541,746,4
1893,0.7541832669322709,731,2
4676,0.72182772460636,716,2
1597,0.5748740100791937,715,4
3917,0.7320127079050645,835,0
6068,0.6483598675072123,778,2
3401,0.7849065312716362,1041,5
7867,0.7626757149781871,818,2
3831,0.717550103015546,1057,5
5753,0.7165275874953294,839,4
1435,0.7719203873050027,1204,5
1350,0.7683551508252704,976,4
5090,0.7589086029521396,938,0
3136,0.7859649122807018,998,5
2457,0.7022006287510717,916,4
3250,0.724799286351472,1030,5
13487,0.7854979615608619,741,3
1520,0.5970149253731343,746,2
1622,0.6691419141914191,819,2
8695,0.7084657377984193,842,2
7503,0.7501499700059988,1060,5
4666,0.6777051561365287,1030,5
8255,0.7472617000090522,881,0
2427,0.705933682373473,1260,5
5927,0.8256024515949296,980,5
2988,0.7705002578648789,838,0
1974,0.7297597042513864,1030,5
3480,0.7774798927613941,924,0
4751,0.8147830560795747,870,2
2314,0.6628473216843311,846,4
1497,0.682004555808656,992,4
4300,0.7546507546507546,843,0
2101,0.7670682730923695,855,5
3448,0.686442365120446,781,0
10241,0.8353181076672105,672,3
2190,0.5985241869363214,819,4
1974,0.7222832052689352,1137,5
6391,0.7468739044057496,848,0
2558,0.6608111599070008,1044,4
2020,0.7769230769230769,1152,5
2832,0.6561631139944393,949,4
5202,0.8092719352831362,861,0
5711,0.8155076395830358,894,3
4253,0.8009416195856874,935,0
6354,0.8154517453798767,1025,3
5597,0.8070656092285509,1038,5
18417,0.7848041931222568,545,1
16113,0.8064968216627458,650,1
8846,0.6990674885411727,736,0
3341,0.6604071950978454,1044,4
8313,0.8085002917720288,1016,3
7197,0.7754552311173365,784,0
5143,0.7744315615118205,773,2
2382,0.5229418221734358,726,4
7578,0.7283037001441615,809,2
5131,0.710074730141157,921,5
2020,0.6020864381520119,736,4
1538,0.7506100536847242,810,2
5419,0.8161144578313253,1116,5
9726,0.7447737192740639,967,2
8224,0.699081944916695,860,2
2109,0.779379157427938,795,0
889,0.4688818565400844,787,4
5270,0.7981220657276995,852,5
2379,0.6931818181818182,774,2
1622,0.5413885180240321,754,4
6259,0.7902777777777777,1009,5
5403,0.7657312925170068,822,0
3508,0.8131664348632359,1014,5
2011,0.7464736451373423,972,5
11706,0.8119017894298793,830,3
8139,0.8060011883541295,772,3
1963,0.7931313131313131,780,2
1690,0.7124789207419899,852,2
7900,0.7193589510107449,783,2
2791,0.7342804525124967,840,2
5373,0.7872527472527473,802,0
6415,0.8410908614133997,1042,3
1608,0.7269439421338155,1137,5
4104,0.7123763235549384,1050,5
9543,0.7973097167683182,928,3
6565,0.8309074800658145,943,3
5059,0.784219500852581,894,5
8204,0.7765997728133283,750,0
2071,0.5743205768164171,726,4
13648,0.8235578083514361,774,2
16999,0.7946428571428571,831,3
15191,0.8431949378330373,599,3
1907,0.642736771149309,1167,5
5810,0.8165846802529867,1007,5
9800,0.7637752318603382,853,3
2426,0.7496909765142151,736,2
5920,0.6928028086600351,764,2
5538,0.7772631578947369,1014,5
2481,0.716017316017316,982,5
6432,0.8275862068965517,822,5
4604,0.7144630664183736,800,5
4357,0.6662079510703364,784,2
1914,0.7044534412955465,786,2
3794,0.5804773561811506,797,4
7571,0.7704284115192837,803,0
5807,0.8668457978802806,1079,5
2977,0.6962114125350796,1010,5
1954,0.6450973918785078,1220,5
6126,0.7327751196172249,743,3
17927,0.738496395468589,913,1
5012,0.6461260796699755,770,4
2231,0.681013431013431,816,4
19698,0.8189415041782729,927,3
15146,0.8235997824904839,751,3
13867,0.7981925977090888,775,1
17453,0.7932460685392237,603,1
4978,0.6479239880255109,758,4
6719,0.6728419787702784,824,2
1613,0.8489473684210527,1167,5
1626,0.7555762081784386,1184,5
7783,0.7299756143312699,863,3
1850,0.7367582636399841,1176,5
2302,0.6360873169383807,1009,4
11720,0.743371812761639,731,3
11356,0.7737276010083805,892,3
18140,0.8141100439816893,756,1
15274,0.8085331639405008,585,1
14722,0.7882422230550945,793,1
9284,0.8364717542120912,667,2
5114,0.7645387950366273,771,2
2639,0.7075067024128686,736,2
1890,0.7888146911519198,869,2
1931,0.7286792452830189,814,4
2818,0.665093226339391,847,4
4345,0.6832835351470357,1003,4
5402,0.8146584225606998,1181,5
12283,0.7158342560755289,801,2
1316,0.7498575498575498,1045,5
1870,0.6586826347305389,1146,5
8105,0.7313001894793828,837,2
6889,0.795129270544783,895,3
18001,0.8273278794006802,755,3
9940,0.7704829083016821,821,3
15686,0.806146572104019,630,1
8928,0.7321033210332103,760,2
5368,0.661980515476631,782,4
1139,0.7043908472479901,967,5
4822,0.753790839455995,1072,5
2306,0.7405266538214516,1077,5
16629,0.8478127867849495,669,1
15158,0.8113258042070332,694,3
5925,0.8255538525846454,913,5
9195,0.7558569667077681,755,0
6562,0.8298975591248261,800,0
8105,0.8246006714823482,833,3
14406,0.7937190082644628,894,3
15489,0.8173183473167643,944,3
15448,0.8147249617636201,742,3
17154,0.7953080810422365,715,1
18602,0.857353551182191,514,1
2082,0.7510822510822511,882,2
4996,0.8487937478763167,1184,5
5537,0.779091037005769,798,0
2632,0.6366715045960329,938,4
16108,0.7770381090207429,597,1
5798,0.8227614587767844,1055,5
2294,0.750163505559189,1088,5
6344,0.7218934911242604,910,2
3376,0.7569506726457399,1093,5
2609,0.7714370195150798,751,2
967,0.6520566419420094,1203,5
1296,0.7760479041916167,961,5
2473,0.7672975488675148,1012,5
10214,0.8527300050091835,838,3
4320,0.6061456433281885,809,4
1349,0.6684836471754212,958,4
19982,0.8254978104602165,873,3
1747,0.6732177263969171,1097,5
1794,0.731647634584013,1042,5
1201,0.5768491834774255,865,4
6298,0.7379892195922193,917,3
3871,0.7908069458631256,703,2
7234,0.7664759482941301,869,2
14485,0.842053249622137,887,3
3319,0.6188700354279322,765,4
3186,0.6310160427807486,775,4
2387,0.7222390317700453,943,4
2200,0.4702864471996579,792,4
18036,0.7961156477598764,800,3
17529,0.8168219944082014,687,1
1538,0.76441351888668,840,2
1921,0.6596840659340659,943,4
3319,0.6587931718936085,926,4
8942,0.8335974643423137,1034,5
1211,0.3139745916515426,758,4
1164,0.7806841046277666,1060,5
1270,0.3895705521472393,777,4
4270,0.7358262967430639,876,2
18962,0.7990392313851081,898,1
14696,0.775309944605645,729,1
13620,0.8073024716969949,763,0
1376,0.6349792339640056,944,4
1443,0.6384955752212389,930,4
4019,0.6637489677952105,947,3
20037,0.8254510999423251,801,3
9055,0.7623337262165347,780,2
2878,0.7751144626986265,1123,5
1063,0.7544357700496807,1093,5
2350,0.4841367943963741,753,4
2019,0.7458441078684891,796,2
1678,0.5969405905371754,780,2
1679,0.8162372386971317,1157,5
3089,0.7619634928465713,958,5
6812,0.8443232523549826,1098,5
1344,0.6470871449205585,770,4
948,0.564958283671037,766,4
3938,0.7253637870694419,772,2
10934,0.727720465890183,771,2
1179,0.3832899869960988,757,4
3890,0.4855217174238642,768,4
1161,0.7765886287625418,999,5
3466,0.6559424678274035,1066,3
16593,0.7829841449603624,712,1
19218,0.8093493367024637,624,3
8948,0.7782222995303532,731,3
1757,0.7293482772934827,792,2
2862,0.7366795366795367,945,5
3277,0.7890681435107152,964,5
3020,0.7525541988537254,921,5
17885,0.8907316101399472,654,3
14017,0.8309817405738676,790,3
15691,0.7878590078328982,736,3
2711,0.7837525296328418,1093,5
2698,0.6361707144541382,774,4
2229,0.7715472481827622,771,0
2084,0.6198691255205235,776,4
3078,0.7016184180533395,768,2
1611,0.6791736930860034,1159,5
2009,0.6531209362808843,1065,5
3381,0.7286637931034483,915,4
3796,0.7633219384677257,846,4
12166,0.7805222300635145,768,3
3809,0.8284036537625055,993,5
1931,0.7441233140655106,1054,5
1614,0.7336363636363636,1032,5
1785,0.7425124792013311,904,2
17465,0.7625305623471883,481,1
16394,0.7828661477484361,672,1
3780,0.769857433808554,743,2
4265,0.783863260430068,787,0
3519,0.7296288617043334,943,5
8416,0.7097318266149435,878,2
8070,0.8639331977304358,854,5
1342,0.6832993890020367,963,2
3817,0.736304012345679,934,5
3738,0.7763239875389408,811,2
1515,0.735080058224163,676,2
3657,0.7835868866509536,708,2
3856,0.7601025034496354,705,2
2745,0.6806347632035705,931,2
8708,0.7437014262533094,617,3
1193,0.5457456541628545,691,4
2840,0.743455497382199,945,4
15113,0.8083114938225384,934,3
5398,0.8314849044978435,849,5
2072,0.7132530120481928,964,2
1764,0.7468247248094835,1020,5
19000,0.7725461494673498,907,1
9083,0.8446159568532638,729,3
4381,0.6425638017013787,831,2
3577,0.7364628371422689,905,5
5501,0.839334757400061,864,3
7710,0.723943661971831,848,3
15251,0.8509652940520032,686,1
15798,0.794987922705314,732,3
19046,0.7954725807125256,642,1
1263,0.7748466257668711,735,2
6220,0.8218816067653277,811,2
3798,0.6759209823812066,815,2
11198,0.7140215519989798,714,3
1628,0.7168648172611185,799,2
4297,0.7103653496445693,815,2
15802,0.7789224626608173,611,3
12345,0.717565682399442,834,3
1899,0.6159584819980538,711,2
11445,0.8288072995872258,735,2
1991,0.7681327160493827,826,2
1984,0.7904382470119522,1080,5
3847,0.7605773032819296,828,2
18335,0.8083145968346339,543,1
3381,0.6752546434991012,713,2
17721,0.7931343149979859,661,1
2884,0.7754772788383975,950,2
21097,0.8293823957227661,694,3
19444,0.8240728968001695,787,1
4738,0.6916788321167883,687,2
2066,0.7423643550125764,723,2
2419,0.7686685732443597,851,2
2363,0.7241802022678516,846,2
10157,0.6965914546327412,933,3
7311,0.7399048679283473,642,3
2178,0.6604002425712553,903,4
5654,0.8183528730641193,872,2
18069,0.7910774484479663,615,3
1784,0.6041313918049441,756,4
2315,0.7530904359141184,863,2
1894,0.6786098172697957,949,4
7089,0.7787542568384049,830,3
19451,0.7986122516012482,826,1
18965,0.8150328763591044,666,1
11507,0.8042353927872519,860,3
1896,0.683982683982684,888,4
14963,0.7425069472012703,952,3
6049,0.8034267499003852,654,3
2210,0.6925728611720464,719,4
3732,0.765852657500513,900,2
6731,0.77968261322831,781,2
2933,0.7690089145254326,803,2
22272,0.7359725067741723,672,3
17972,0.8338127493736661,740,1
16666,0.8154019276872645,623,1
10383,0.7861739986370864,786,3
4044,0.6039426523297491,705,2
1389,0.657359204921912,755,4
1267,0.7121978639685217,895,2
2915,0.6863668471862491,812,2
18587,0.7970069894086874,683,3
13603,0.7525448107988493,521,1
7909,0.7957541000100614,927,3
3601,0.6693308550185874,867,4
3475,0.7128205128205128,888,2
2591,0.714561500275786,872,2
3094,0.599147947327653,807,4
8249,0.7810813369946028,841,3
2772,0.7575840393550151,789,0
16534,0.8216060425362751,918,3
3878,0.6700069108500346,705,2
1113,0.7380636604774535,840,2
2272,0.695865237366003,827,4
15298,0.8303300043421624,694,1
2306,0.7431517885916855,762,2
3681,0.7897446899806908,919,2
4936,0.7200583515681984,1002,5
6092,0.8145473993849445,773,0
7220,0.7485743908761016,608,1
13940,0.7305313908395347,639,1
12338,0.8246223766876086,597,3
1857,0.7117669605212725,810,2
6268,0.7090497737556561,784,4
18757,0.7878775150165918,715,1
1526,0.728748806112703,819,2
1805,0.6889312977099237,769,2
10856,0.7826964671953858,651,3
17401,0.8189091251353005,758,1
7020,0.7673808482728465,704,3
22990,0.8222166589177783,663,1
19214,0.7478010430450689,619,3
17017,0.8207292370020257,802,1
17479,0.7464872944693572,591,1
4485,0.7592686642965972,787,2
15340,0.7933388498138187,508,1
3723,0.786106418918919,842,3
7314,0.7283409679346744,688,3
7419,0.7472804190169219,755,3
1847,0.6610594130279169,860,4
6913,0.7472705653442872,836,2
20104,0.7817093086554164,483,1
8089,0.7512770502461225,729,3
9797,0.7272119952494062,760,3
2494,0.6891406465874551,744,2
3842,0.6250203351228242,755,4
18482,0.8166313184870979,597,1
9920,0.6476886915643771,649,3
3207,0.7099845029887093,784,2
3395,0.7237262843743338,860,2
16932,0.8280111496894713,698,3
17241,0.8445260837619397,607,1
19658,0.8268696895768487,670,1
18244,0.8135562987736901,840,1
20190,0.7683233122764289,839,1
5900,0.6750572082379863,800,2
20418,0.8092746730083235,678,3
8849,0.752018356420498,771,3
16383,0.8384768923691079,560,1
19345,0.7726564684267284,788,1
16624,0.8168238993710691,548,1
3801,0.6648591918838551,703,3
22006,0.7884629165173773,500,1
14093,0.7675507869941725,576,3
4338,0.6950809165197885,719,3
16967,0.7841297716979388,703,1
860,0.5378361475922452,707,4
1280,0.5661211853162318,787,4
2679,0.7092930897537728,829,4
5764,0.7549443352979699,804,3
7260,0.6832298136645962,708,3
4477,0.7167787383925712,704,3
19932,0.7844464559801645,726,1
4501,0.6558356403904998,750,3
17490,0.6800948788738966,606,1
5769,0.6434307383448583,768,3
6639,0.7983405483405484,798,3
9918,0.7604078816223262,748,3
9230,0.71,587,3
21209,0.799705893442932,598,1
19441,0.7794170709217014,492,1
18992,0.7925221165080955,669,3
20698,0.8902365591397849,744,1
5244,0.5836393989983305,695,3
10697,0.7439838642370288,484,3
13348,0.7150586596667917,489,3
9736,0.7261878123368389,491,1
17144,0.7890279823269514,513,1
19697,0.7882899107535919,493,1
12936,0.7381876283953436,578,3
9072,0.646061814556331,659,3
12896,0.7396191787107135,476,1
14709,0.7053661343691555,483,3
19383,0.7707571178622554,506,1
20768,0.741343613907332,468,1
15761,0.7671452908250183,566,1
15891,0.7169087792114048,547,1
14434,0.7734848078881089,487,1
21503,0.7879154299952366,566,3
17051,0.7807234432234432,817,1
16914,0.7623726674479402,586,1
12125,0.7392841899884154,569,1
21710,0.7775231000644653,570,1
20728,0.7634903679693543,828,1
19066,0.7958093329994157,437,1
17655,0.7903926221068183,399,1
21361,0.8228428351309707,504,1
19504,0.8242055442866801,719,1
23223,0.8379217030488905,470,3
18898,0.7893571697088676,482,3
17940,0.7947195889075928,553,1
21801,0.8015662916390911,668,1
11727,0.7288377874456184,575,3
20232,0.8034629283983956,554,3
21710,0.8321195860482944,524,1
13840,0.6537553141237601,578,3
21917,0.7634457294134039,578,3
14299,0.7824350205198358,483,1
19523,0.7729126252028979,711,1
19344,0.7693592650041761,671,1
15213,0.7919312857886518,528,1
20204,0.8328455418607527,701,1
14722,0.8816624745478501,424,1
15583,0.790293133177807,486,1
17374,0.8154510466535249,385,1
18604,0.7467886962106616,602,1
21359,0.7383503871681416,650,1
18364,0.8269836980996127,505,1
18515,0.7718442554610638,415,1
22351,0.81680309896214,534,3
22218,0.8088096104841646,573,1
22047,0.8097476769383333,608,1
13863,0.7568792312732038,595,1
21075,0.833597025551776,590,3
22981,0.7776988155668358,670,3
9723,0.7971632368615233,605,3
16433,0.7070085617175064,601,3
19205,0.8143232700135685,557,1
19333,0.8669117976772343,705,1
20034,0.8013279468821247,799,1
21723,0.806557011844206,518,1
19210,0.8367818094698785,692,1
10025,0.6275430359937402,471,1
13408,0.6704335216760838,446,1
16534,0.8395450390982026,741,1
6378,0.6446982715051046,654,1
14211,0.7596215522771007,722,1
24389,0.798095487417782,621,1
7594,0.7058276791523376,654,1
18218,0.7869206513757505,587,1
8469,0.7276398316006529,642,1
18347,0.8178940798858774,592,1
18519,0.7958999484270243,756,1
17327,0.7566375545851528,526,1
19780,0.7850452452770281,552,1
20354,0.7695856019358742,552,1
22723,0.7794662458836443,723,1
14643,0.8154026060808554,842,1
12052,0.8237867395762133,526,1
20017,0.7724098012733938,546,1
15315,0.7325998564936618,614,1
13702,0.8983739837398373,662,1
14683,0.7889420235344689,451,1
12505,0.8344454824502869,541,1
18634,0.8443135478024467,524,1
17619,0.8469044414535666,672,1
22177,0.7846932276555092,504,1
19678,0.7992688870836718,643,1
16890,0.8276166209329675,643,1
18461,0.8389838211234321,513,1
17214,0.8034539089848308,571,1
19128,0.8070886075949367,565,1
10777,0.6532306946296521,501,1
18224,0.7613636363636364,540,1
21621,0.8006591616056881,411,1
10117,0.6844597794465869,488,1
16034,0.8269637423281242,409,1
18450,0.8343508343508343,608,1
17144,0.7774351532740794,658,1
14470,0.8322788450477395,714,1
15691,0.8130473081506814,584,1
22372,0.8440671571401622,616,1
13294,0.7910740850937221,585,1
16369,0.8605299127326254,779,1
16343,0.8078995501507736,475,1
19576,0.8120462936076658,508,1
16898,0.7404907975460123,626,1
20572,0.8054185263487589,600,1
4041,0.7059748427672956,572,1
20428,0.8229464609434798,535,1
19790,0.8358675451934449,719,1
17455,0.7902838773939421,568,1
7628,0.7297426576102555,587,1
18222,0.7619804298737142,640,1
15074,0.7801469827140047,542,1
15923,0.8271688311688312,694,1
20201,0.8235893672537509,529,1
22435,0.8112457060206111,485,1
17260,0.8383117198504055,572,1
17578,0.7726593406593406,635,1
16983,0.8240174672489083,570,1
13118,0.7720557942440115,424,1
15460,0.7543303244693828,665,1
21843,0.7382135252965629,552,1
15949,0.8325850908331593,716,1
18811,0.7648302500508234,539,1
15700,0.7968734138666125,610,1
19319,0.8322491707233016,497,1
19083,0.7571417235359467,612,1
19977,0.8099331035880802,619,1
17606,0.7684853775643824,586,1
16501,0.7364216539474271,604,1
16021,0.8070626164928719,603,1
14522,0.8080347206766081,527,1
18110,0.8062505564954144,557,1
18018,0.746705346042271,528,1
19287,0.8230349065460442,443,1
19211,0.8246126110658024,502,1
17319,0.7830628023692182,547,1
22249,0.8351413235238917,475,1
13805,0.8210908225777672,473,1
15627,0.7767284656295045,590,1
14397,0.7922192263247675,565,1
15043,0.7539595028067362,498,1
15638,0.8041756659467243,573,1
17086,0.7707506315409599,674,1
22056,0.7672986606366324,653,1
16403,0.7597850757330121,477,1
17506,0.742440307052886,573,1
17910,0.7495605591361848,524,1
12756,0.8172731932342389,553,1
14495,0.8085569253081943,509,1
19783,0.7557975167144222,463,1
20456,0.8096896770107663,449,1
17409,0.8040737148399612,613,1
16142,0.812830454705675,517,1
16659,0.722357124273697,479,1
12708,0.7935060880424601,571,1
15614,0.7848992107776604,482,1
19221,0.7587336675482572,614,1
19097,0.8108440896739131,446,1
17313,0.8544987907803169,478,1
19625,0.8135726722493989,567,1
20119,0.7931170418259944,490,1
18435,0.7213852475053806,471,1
13848,0.7134099222090567,535,1
14832,0.8104475165291514,603,1
17420,0.8320198691312032,483,1
18242,0.7793395138206519,437,1
20653,0.723600308317567,572,1
16149,0.721227278817382,551,1
19154,0.7836190320337111,575,1
17591,0.8346460428923894,540,1
13762,0.7963198703853721,536,1
14829,0.797343800408646,534,1
16132,0.7554910317051469,685,1
17857,0.8085944575258105,611,1
19326,0.7577932007999059,471,1
14518,0.773591943304737,584,1
17828,0.8187370838117107,528,1
15945,0.8372276187975847,530,1
12916,0.8244079913193336,625,1
13257,0.7642684192320996,494,1
14781,0.7940797249382185,538,1
18316,0.7970755907567779,428,1
18744,0.8084886128364389,559,1
18050,0.7913889863205893,418,1
17212,0.7957098608478572,496,1
15882,0.7927918933759297,496,1
15932,0.7616771047473347,629,1
17552,0.8158029281896352,563,1
10543,0.7454044117647058,435,1
19260,0.7430555555555556,437,1
11172,0.7140939597315437,463,1
20318,0.7953807007242122,436,1
17670,0.7871174662568489,464,1
18522,0.8012631943242775,579,1
17267,0.7955676373018798,483,1
15010,0.8523566155593413,429,1
17413,0.7742552245442419,499,1
19948,0.8209729195818586,561,1
14037,0.8045048143053645,497,1
6824,0.823061150645278,456,3
12479,0.7118653736451797,466,1
17959,0.8461647191858274,513,1
17413,0.8519497039972601,466,1
17527,0.8124507486209613,429,1
19387,0.8034397016162453,531,1
19415,0.8323330189488125,468,1
12284,0.7984919396775871,473,1
17472,0.8120845921450152,513,1
18958,0.8189908415413859,460,1
14746,0.7683409754064193,495,1
20212,0.7910763209393347,467,1
19511,0.8256178063642519,508,1
17431,0.7823959782755061,428,1
18774,0.8230239796589365,512,1
18429,0.7787778904665315,562,1
20186,0.8043833432954772,459,1
16382,0.8077112710778029,404,1
18323,0.8269248127087282,421,1
18561,0.8346523967982732,519,1
19786,0.8428181973078889,489,1
18955,0.836754513750938,540,1
18753,0.805783525974305,475,1
17311,0.8221409574468085,464,1
19147,0.769233859627978,360,1
18441,0.7618673827721545,431,1
22676,0.7221426069233464,458,1
21343,0.7283803153368371,430,1
24272,0.7340026611830168,478,1
21126,0.7588089508279157,420,1
25035,0.7786694037510498,475,1
22673,0.7653075001687707,493,1
29157,0.7944470177924308,477,1
15847,0.853641456582633,416,1
26021,0.7399476767332082,446,1
26459,0.7614319836542058,410,1
18562,0.8678698335515243,440,1
26960,0.7857080406842888,473,1
27915,0.8748041366342839,446,1
22767,0.837761259935237,437,1
